[{"model": "admin.logentry", "pk": 1, "fields": {"action_time": "2025-01-26T15:00:51.894Z", "user": 1, "content_type": 7, "object_id": "2", "object_repr": "user1", "action_flag": 1, "change_message": "[{\"added\": {}}]"}}, {"model": "admin.logentry", "pk": 2, "fields": {"action_time": "2025-01-26T15:01:53.982Z", "user": 1, "content_type": 7, "object_id": "3", "object_repr": "user2", "action_flag": 1, "change_message": "[{\"added\": {}}]"}}, {"model": "admin.logentry", "pk": 3, "fields": {"action_time": "2025-01-26T15:02:22.412Z", "user": 1, "content_type": 7, "object_id": "4", "object_repr": "user3", "action_flag": 1, "change_message": "[{\"added\": {}}]"}}, {"model": "admin.logentry", "pk": 4, "fields": {"action_time": "2025-01-26T15:23:26.759Z", "user": 1, "content_type": 10, "object_id": "1", "object_repr": "Hammer", "action_flag": 1, "change_message": "[{\"added\": {}}]"}}, {"model": "admin.logentry", "pk": 5, "fields": {"action_time": "2025-01-26T15:24:24.025Z", "user": 1, "content_type": 6, "object_id": "8", "object_repr": "Construction Tools", "action_flag": 3, "change_message": ""}}, {"model": "admin.logentry", "pk": 6, "fields": {"action_time": "2025-01-26T15:24:24.025Z", "user": 1, "content_type": 6, "object_id": "7", "object_repr": "Garden Tools", "action_flag": 3, "change_message": ""}}, {"model": "admin.logentry", "pk": 7, "fields": {"action_time": "2025-01-26T15:24:24.026Z", "user": 1, "content_type": 6, "object_id": "6", "object_repr": "Hand Tools", "action_flag": 3, "change_message": ""}}, {"model": "admin.logentry", "pk": 8, "fields": {"action_time": "2025-01-26T15:24:24.026Z", "user": 1, "content_type": 6, "object_id": "5", "object_repr": "Power Tools", "action_flag": 3, "change_message": ""}}, {"model": "admin.logentry", "pk": 9, "fields": {"action_time": "2025-01-26T15:24:40.353Z", "user": 1, "content_type": 10, "object_id": "1", "object_repr": "Hammer", "action_flag": 2, "change_message": "[]"}}, {"model": "admin.logentry", "pk": 10, "fields": {"action_time": "2025-01-26T15:27:08.397Z", "user": 1, "content_type": 10, "object_id": "2", "object_repr": "Circular Saw", "action_flag": 1, "change_message": "[{\"added\": {}}]"}}, {"model": "admin.logentry", "pk": 11, "fields": {"action_time": "2025-01-26T15:29:31.812Z", "user": 1, "content_type": 8, "object_id": "1", "object_repr": "Rental object (1)", "action_flag": 1, "change_message": "[{\"added\": {}}]"}}, {"model": "admin.logentry", "pk": 12, "fields": {"action_time": "2025-01-26T15:30:24.782Z", "user": 1, "content_type": 8, "object_id": "2", "object_repr": "Rental object (2)", "action_flag": 1, "change_message": "[{\"added\": {}}]"}}, {"model": "admin.logentry", "pk": 13, "fields": {"action_time": "2025-01-26T15:31:14.226Z", "user": 1, "content_type": 9, "object_id": "1", "object_repr": "Payment object (1)", "action_flag": 1, "change_message": "[{\"added\": {}}]"}}, {"model": "admin.logentry", "pk": 14, "fields": {"action_time": "2025-01-26T15:31:42.891Z", "user": 1, "content_type": 9, "object_id": "2", "object_repr": "Payment object (2)", "action_flag": 1, "change_message": "[{\"added\": {}}]"}}, {"model": "admin.logentry", "pk": 15, "fields": {"action_time": "2025-01-26T15:32:26.416Z", "user": 1, "content_type": 11, "object_id": "1", "object_repr": "Review by user2 for Hammer", "action_flag": 1, "change_message": "[{\"added\": {}}]"}}, {"model": "admin.logentry", "pk": 16, "fields": {"action_time": "2025-01-26T15:32:55.828Z", "user": 1, "content_type": 11, "object_id": "2", "object_repr": "Review by user2 for Circular Saw", "action_flag": 1, "change_message": "[{\"added\": {}}]"}}, {"model": "admin.logentry", "pk": 17, "fields": {"action_time": "2025-01-26T15:51:02.347Z", "user": 1, "content_type": 7, "object_id": "2", "object_repr": "user1", "action_flag": 2, "change_message": "[{\"changed\": {\"fields\": [\"Password\"]}}]"}}, {"model": "admin.logentry", "pk": 18, "fields": {"action_time": "2025-01-27T15:24:18.559Z", "user": 1, "content_type": 7, "object_id": "2", "object_repr": "user1", "action_flag": 2, "change_message": "[{\"changed\": {\"fields\": [\"password\"]}}]"}}, {"model": "admin.logentry", "pk": 19, "fields": {"action_time": "2025-01-27T15:24:41.648Z", "user": 1, "content_type": 7, "object_id": "2", "object_repr": "user1", "action_flag": 2, "change_message": "[{\"changed\": {\"fields\": [\"First name\"]}}]"}}, {"model": "admin.logentry", "pk": 20, "fields": {"action_time": "2025-01-27T18:06:41.187Z", "user": 1, "content_type": 10, "object_id": "11", "object_repr": "ladder", "action_flag": 1, "change_message": "[{\"added\": {}}]"}}, {"model": "admin.logentry", "pk": 21, "fields": {"action_time": "2025-01-27T18:23:36.375Z", "user": 1, "content_type": 10, "object_id": "7", "object_repr": "Hedge Trimmer", "action_flag": 2, "change_message": "[{\"changed\": {\"fields\": [\"Availability status\"]}}]"}}, {"model": "admin.logentry", "pk": 22, "fields": {"action_time": "2025-01-27T18:23:46.665Z", "user": 1, "content_type": 10, "object_id": "9", "object_repr": "Jackhammer", "action_flag": 2, "change_message": "[{\"changed\": {\"fields\": [\"Availability status\"]}}]"}}, {"model": "admin.logentry", "pk": 23, "fields": {"action_time": "2025-01-27T18:23:54.403Z", "user": 1, "content_type": 10, "object_id": "3", "object_repr": "Electric Drill", "action_flag": 2, "change_message": "[{\"changed\": {\"fields\": [\"Availability status\"]}}]"}}, {"model": "admin.logentry", "pk": 24, "fields": {"action_time": "2025-01-27T18:24:03.228Z", "user": 1, "content_type": 10, "object_id": "1", "object_repr": "Hammer", "action_flag": 2, "change_message": "[{\"changed\": {\"fields\": [\"Availability status\"]}}]"}}, {"model": "admin.logentry", "pk": 25, "fields": {"action_time": "2025-01-27T18:24:08.137Z", "user": 1, "content_type": 10, "object_id": "2", "object_repr": "Circular Saw", "action_flag": 2, "change_message": "[{\"changed\": {\"fields\": [\"Availability status\"]}}]"}}, {"model": "admin.logentry", "pk": 26, "fields": {"action_time": "2025-01-27T18:24:21.579Z", "user": 1, "content_type": 10, "object_id": "4", "object_repr": "Angle Grinder", "action_flag": 2, "change_message": "[{\"changed\": {\"fields\": [\"Availability status\"]}}]"}}, {"model": "admin.logentry", "pk": 27, "fields": {"action_time": "2025-01-27T18:24:27.579Z", "user": 1, "content_type": 10, "object_id": "5", "object_repr": "Screwdriver Set", "action_flag": 2, "change_message": "[{\"changed\": {\"fields\": [\"Availability status\"]}}]"}}, {"model": "admin.logentry", "pk": 28, "fields": {"action_time": "2025-01-27T18:24:39.942Z", "user": 1, "content_type": 10, "object_id": "8", "object_repr": "Shovel", "action_flag": 2, "change_message": "[{\"changed\": {\"fields\": [\"Availability status\"]}}]"}}, {"model": "admin.logentry", "pk": 29, "fields": {"action_time": "2025-01-28T14:57:25.542Z", "user": 1, "content_type": 10, "object_id": "11", "object_repr": "ladder", "action_flag": 2, "change_message": "[{\"changed\": {\"fields\": [\"Availability status\"]}}]"}}, {"model": "admin.logentry", "pk": 30, "fields": {"action_time": "2025-01-28T14:57:48.464Z", "user": 1, "content_type": 10, "object_id": "8", "object_repr": "Shovel", "action_flag": 2, "change_message": "[{\"changed\": {\"fields\": [\"Availability status\"]}}]"}}, {"model": "admin.logentry", "pk": 31, "fields": {"action_time": "2025-01-28T14:57:54.996Z", "user": 1, "content_type": 10, "object_id": "7", "object_repr": "Hedge Trimmer", "action_flag": 2, "change_message": "[{\"changed\": {\"fields\": [\"Availability status\"]}}]"}}, {"model": "admin.logentry", "pk": 32, "fields": {"action_time": "2025-01-28T14:58:07.315Z", "user": 1, "content_type": 10, "object_id": "5", "object_repr": "Screwdriver Set", "action_flag": 2, "change_message": "[{\"changed\": {\"fields\": [\"Availability status\"]}}]"}}, {"model": "admin.logentry", "pk": 33, "fields": {"action_time": "2025-01-28T14:58:18.867Z", "user": 1, "content_type": 10, "object_id": "4", "object_repr": "Angle Grinder", "action_flag": 2, "change_message": "[{\"changed\": {\"fields\": [\"Availability status\"]}}]"}}, {"model": "admin.logentry", "pk": 34, "fields": {"action_time": "2025-01-28T14:58:29.104Z", "user": 1, "content_type": 10, "object_id": "3", "object_repr": "Electric Drill", "action_flag": 2, "change_message": "[{\"changed\": {\"fields\": [\"Availability status\"]}}]"}}, {"model": "admin.logentry", "pk": 35, "fields": {"action_time": "2025-01-28T14:58:43.982Z", "user": 1, "content_type": 10, "object_id": "1", "object_repr": "Hammer", "action_flag": 2, "change_message": "[{\"changed\": {\"fields\": [\"Availability status\"]}}]"}}, {"model": "admin.logentry", "pk": 36, "fields": {"action_time": "2025-01-29T19:58:07.664Z", "user": 1, "content_type": 16, "object_id": "1", "object_repr": "Google OAuth", "action_flag": 1, "change_message": "[{\"added\": {}}]"}}, {"model": "admin.logentry", "pk": 37, "fields": {"action_time": "2025-01-29T19:58:27.391Z", "user": 1, "content_type": 16, "object_id": "1", "object_repr": "Google OAuth", "action_flag": 2, "change_message": "[{\"changed\": {\"fields\": [\"Client id\"]}}]"}}, {"model": "admin.logentry", "pk": 38, "fields": {"action_time": "2025-01-30T18:35:04.715Z", "user": 1, "content_type": 7, "object_id": "6", "object_repr": "new_user", "action_flag": 3, "change_message": ""}}, {"model": "auth.permission", "pk": 1, "fields": {"name": "Can add log entry", "content_type": 1, "codename": "add_logentry"}}, {"model": "auth.permission", "pk": 2, "fields": {"name": "Can change log entry", "content_type": 1, "codename": "change_logentry"}}, {"model": "auth.permission", "pk": 3, "fields": {"name": "Can delete log entry", "content_type": 1, "codename": "delete_logentry"}}, {"model": "auth.permission", "pk": 4, "fields": {"name": "Can view log entry", "content_type": 1, "codename": "view_logentry"}}, {"model": "auth.permission", "pk": 5, "fields": {"name": "Can add permission", "content_type": 2, "codename": "add_permission"}}, {"model": "auth.permission", "pk": 6, "fields": {"name": "Can change permission", "content_type": 2, "codename": "change_permission"}}, {"model": "auth.permission", "pk": 7, "fields": {"name": "Can delete permission", "content_type": 2, "codename": "delete_permission"}}, {"model": "auth.permission", "pk": 8, "fields": {"name": "Can view permission", "content_type": 2, "codename": "view_permission"}}, {"model": "auth.permission", "pk": 9, "fields": {"name": "Can add group", "content_type": 3, "codename": "add_group"}}, {"model": "auth.permission", "pk": 10, "fields": {"name": "Can change group", "content_type": 3, "codename": "change_group"}}, {"model": "auth.permission", "pk": 11, "fields": {"name": "Can delete group", "content_type": 3, "codename": "delete_group"}}, {"model": "auth.permission", "pk": 12, "fields": {"name": "Can view group", "content_type": 3, "codename": "view_group"}}, {"model": "auth.permission", "pk": 13, "fields": {"name": "Can add content type", "content_type": 4, "codename": "add_contenttype"}}, {"model": "auth.permission", "pk": 14, "fields": {"name": "Can change content type", "content_type": 4, "codename": "change_contenttype"}}, {"model": "auth.permission", "pk": 15, "fields": {"name": "Can delete content type", "content_type": 4, "codename": "delete_contenttype"}}, {"model": "auth.permission", "pk": 16, "fields": {"name": "Can view content type", "content_type": 4, "codename": "view_contenttype"}}, {"model": "auth.permission", "pk": 17, "fields": {"name": "Can add session", "content_type": 5, "codename": "add_session"}}, {"model": "auth.permission", "pk": 18, "fields": {"name": "Can change session", "content_type": 5, "codename": "change_session"}}, {"model": "auth.permission", "pk": 19, "fields": {"name": "Can delete session", "content_type": 5, "codename": "delete_session"}}, {"model": "auth.permission", "pk": 20, "fields": {"name": "Can view session", "content_type": 5, "codename": "view_session"}}, {"model": "auth.permission", "pk": 21, "fields": {"name": "Can add category", "content_type": 6, "codename": "add_category"}}, {"model": "auth.permission", "pk": 22, "fields": {"name": "Can change category", "content_type": 6, "codename": "change_category"}}, {"model": "auth.permission", "pk": 23, "fields": {"name": "Can delete category", "content_type": 6, "codename": "delete_category"}}, {"model": "auth.permission", "pk": 24, "fields": {"name": "Can view category", "content_type": 6, "codename": "view_category"}}, {"model": "auth.permission", "pk": 25, "fields": {"name": "Can add user", "content_type": 7, "codename": "add_user"}}, {"model": "auth.permission", "pk": 26, "fields": {"name": "Can change user", "content_type": 7, "codename": "change_user"}}, {"model": "auth.permission", "pk": 27, "fields": {"name": "Can delete user", "content_type": 7, "codename": "delete_user"}}, {"model": "auth.permission", "pk": 28, "fields": {"name": "Can view user", "content_type": 7, "codename": "view_user"}}, {"model": "auth.permission", "pk": 29, "fields": {"name": "Can add rental", "content_type": 8, "codename": "add_rental"}}, {"model": "auth.permission", "pk": 30, "fields": {"name": "Can change rental", "content_type": 8, "codename": "change_rental"}}, {"model": "auth.permission", "pk": 31, "fields": {"name": "Can delete rental", "content_type": 8, "codename": "delete_rental"}}, {"model": "auth.permission", "pk": 32, "fields": {"name": "Can view rental", "content_type": 8, "codename": "view_rental"}}, {"model": "auth.permission", "pk": 33, "fields": {"name": "Can add payment", "content_type": 9, "codename": "add_payment"}}, {"model": "auth.permission", "pk": 34, "fields": {"name": "Can change payment", "content_type": 9, "codename": "change_payment"}}, {"model": "auth.permission", "pk": 35, "fields": {"name": "Can delete payment", "content_type": 9, "codename": "delete_payment"}}, {"model": "auth.permission", "pk": 36, "fields": {"name": "Can view payment", "content_type": 9, "codename": "view_payment"}}, {"model": "auth.permission", "pk": 37, "fields": {"name": "Can add tool", "content_type": 10, "codename": "add_tool"}}, {"model": "auth.permission", "pk": 38, "fields": {"name": "Can change tool", "content_type": 10, "codename": "change_tool"}}, {"model": "auth.permission", "pk": 39, "fields": {"name": "Can delete tool", "content_type": 10, "codename": "delete_tool"}}, {"model": "auth.permission", "pk": 40, "fields": {"name": "Can view tool", "content_type": 10, "codename": "view_tool"}}, {"model": "auth.permission", "pk": 41, "fields": {"name": "Can add review", "content_type": 11, "codename": "add_review"}}, {"model": "auth.permission", "pk": 42, "fields": {"name": "Can change review", "content_type": 11, "codename": "change_review"}}, {"model": "auth.permission", "pk": 43, "fields": {"name": "Can delete review", "content_type": 11, "codename": "delete_review"}}, {"model": "auth.permission", "pk": 44, "fields": {"name": "Can view review", "content_type": 11, "codename": "view_review"}}, {"model": "auth.permission", "pk": 45, "fields": {"name": "Can add site", "content_type": 12, "codename": "add_site"}}, {"model": "auth.permission", "pk": 46, "fields": {"name": "Can change site", "content_type": 12, "codename": "change_site"}}, {"model": "auth.permission", "pk": 47, "fields": {"name": "Can delete site", "content_type": 12, "codename": "delete_site"}}, {"model": "auth.permission", "pk": 48, "fields": {"name": "Can view site", "content_type": 12, "codename": "view_site"}}, {"model": "auth.permission", "pk": 49, "fields": {"name": "Can add email address", "content_type": 13, "codename": "add_emailaddress"}}, {"model": "auth.permission", "pk": 50, "fields": {"name": "Can change email address", "content_type": 13, "codename": "change_emailaddress"}}, {"model": "auth.permission", "pk": 51, "fields": {"name": "Can delete email address", "content_type": 13, "codename": "delete_emailaddress"}}, {"model": "auth.permission", "pk": 52, "fields": {"name": "Can view email address", "content_type": 13, "codename": "view_emailaddress"}}, {"model": "auth.permission", "pk": 53, "fields": {"name": "Can add email confirmation", "content_type": 14, "codename": "add_emailconfirmation"}}, {"model": "auth.permission", "pk": 54, "fields": {"name": "Can change email confirmation", "content_type": 14, "codename": "change_emailconfirmation"}}, {"model": "auth.permission", "pk": 55, "fields": {"name": "Can delete email confirmation", "content_type": 14, "codename": "delete_emailconfirmation"}}, {"model": "auth.permission", "pk": 56, "fields": {"name": "Can view email confirmation", "content_type": 14, "codename": "view_emailconfirmation"}}, {"model": "auth.permission", "pk": 57, "fields": {"name": "Can add social account", "content_type": 15, "codename": "add_socialaccount"}}, {"model": "auth.permission", "pk": 58, "fields": {"name": "Can change social account", "content_type": 15, "codename": "change_socialaccount"}}, {"model": "auth.permission", "pk": 59, "fields": {"name": "Can delete social account", "content_type": 15, "codename": "delete_socialaccount"}}, {"model": "auth.permission", "pk": 60, "fields": {"name": "Can view social account", "content_type": 15, "codename": "view_socialaccount"}}, {"model": "auth.permission", "pk": 61, "fields": {"name": "Can add social application", "content_type": 16, "codename": "add_socialapp"}}, {"model": "auth.permission", "pk": 62, "fields": {"name": "Can change social application", "content_type": 16, "codename": "change_socialapp"}}, {"model": "auth.permission", "pk": 63, "fields": {"name": "Can delete social application", "content_type": 16, "codename": "delete_socialapp"}}, {"model": "auth.permission", "pk": 64, "fields": {"name": "Can view social application", "content_type": 16, "codename": "view_socialapp"}}, {"model": "auth.permission", "pk": 65, "fields": {"name": "Can add social application token", "content_type": 17, "codename": "add_socialtoken"}}, {"model": "auth.permission", "pk": 66, "fields": {"name": "Can change social application token", "content_type": 17, "codename": "change_socialtoken"}}, {"model": "auth.permission", "pk": 67, "fields": {"name": "Can delete social application token", "content_type": 17, "codename": "delete_socialtoken"}}, {"model": "auth.permission", "pk": 68, "fields": {"name": "Can view social application token", "content_type": 17, "codename": "view_socialtoken"}}, {"model": "contenttypes.contenttype", "pk": 1, "fields": {"app_label": "admin", "model": "logentry"}}, {"model": "contenttypes.contenttype", "pk": 2, "fields": {"app_label": "auth", "model": "permission"}}, {"model": "contenttypes.contenttype", "pk": 3, "fields": {"app_label": "auth", "model": "group"}}, {"model": "contenttypes.contenttype", "pk": 4, "fields": {"app_label": "contenttypes", "model": "contenttype"}}, {"model": "contenttypes.contenttype", "pk": 5, "fields": {"app_label": "sessions", "model": "session"}}, {"model": "contenttypes.contenttype", "pk": 6, "fields": {"app_label": "core", "model": "category"}}, {"model": "contenttypes.contenttype", "pk": 7, "fields": {"app_label": "core", "model": "user"}}, {"model": "contenttypes.contenttype", "pk": 8, "fields": {"app_label": "core", "model": "rental"}}, {"model": "contenttypes.contenttype", "pk": 9, "fields": {"app_label": "core", "model": "payment"}}, {"model": "contenttypes.contenttype", "pk": 10, "fields": {"app_label": "core", "model": "tool"}}, {"model": "contenttypes.contenttype", "pk": 11, "fields": {"app_label": "core", "model": "review"}}, {"model": "contenttypes.contenttype", "pk": 12, "fields": {"app_label": "sites", "model": "site"}}, {"model": "contenttypes.contenttype", "pk": 13, "fields": {"app_label": "account", "model": "emailaddress"}}, {"model": "contenttypes.contenttype", "pk": 14, "fields": {"app_label": "account", "model": "emailconfirmation"}}, {"model": "contenttypes.contenttype", "pk": 15, "fields": {"app_label": "socialaccount", "model": "socialaccount"}}, {"model": "contenttypes.contenttype", "pk": 16, "fields": {"app_label": "socialaccount", "model": "socialapp"}}, {"model": "contenttypes.contenttype", "pk": 17, "fields": {"app_label": "socialaccount", "model": "socialtoken"}}, {"model": "sessions.session", "pk": "95ihm3a7fyon4f9jxwk52ha9x3tzpegh", "fields": {"session_data": ".eJxVjDsOwyAQBe9CHSE-BkLK9D4DWtglOIlAMnYV5e62JRdJ-2bmfViAdSlh7TSHCdmNSXb53SKkF9UD4BPqo_HU6jJPkR8KP2nnY0N630_376BAL3utwThhM4KQg81JIZosLThvFMZBpKicMNJbJIU5G6u9FqD9NYIm8IrYdwPi-zf5:1tcTna:OUvPA-Gifv6exK1y644Usa5Y08aT9-iXYlYovG4HVLQ", "expire_date": "2025-02-10T18:25:26.362Z"}}, {"model": "sessions.session", "pk": "bzy1papqkay4mm0sy8b9q3df5o9wg40w", "fields": {"session_data": ".eJxVjDsOwjAQBe_iGlnx4vhDSZ8zWLveNQ6gRIqTCnF3iJQC2jcz76USbmtNW5MljawuCtTpdyPMD5l2wHecbrPO87QuI-ld0QdtephZntfD_Tuo2Oq3xsKYyeTgCLh4NL07-yCObDCuQAToSgRGKKG3hCheSEC6aME6FlDvDwePOJA:1tcRxR:XKukB--P9RLOhKVXq1FwMs0LObUDosNWTQM1orgsgDI", "expire_date": "2025-02-10T16:27:29.760Z"}}, {"model": "sessions.session", "pk": "edcz8qg0zctw6xisxk0jx1r6ajd3slnw", "fields": {"session_data": "e30:1tda6z:zNr0rKlL93vt19-dX9SXH5V6bsC-lJ8UUkWAuR8cUxY", "expire_date": "2025-02-13T19:22:01.586Z"}}, {"model": "sessions.session", "pk": "hce6mzq3rsmeajk6qatll5jiq8fjzz5x", "fields": {"session_data": ".eJxVjDsOwyAQBe9CHSE-BkLK9D4DWtglOIlAMnYV5e62JRdJ-2bmfViAdSlh7TSHCdmNSXb53SKkF9UD4BPqo_HU6jJPkR8KP2nnY0N630_376BAL3utwThhM4KQg81JIZosLThvFMZBpKicMNJbJIU5G6u9FqD9NYIm8IrYdwPi-zf5:1tcQyf:sVEuVkw4npGzp1lOyWuhquGlIgWLtKqJRD4wsnOkAcc", "expire_date": "2025-02-10T15:24:41.723Z"}}, {"model": "sessions.session", "pk": "lqjp7w0x13lmku1hkra361ywgz2r2gqz", "fields": {"session_data": ".eJxVj8FuwyAQRP9lzxYyGDD2sfd8QVVZCyw1bQORwUqqKP_ekOaS2-zO29HsFdC5vKe64F5XSjU6rDGn5Uh1zb7A_H6Ffw0znLCUc948dIAVZj4ORmip-pGZQSklZQd7oS3hke50kxxuHx08wpc2L7HlCHjZWXTflJrhvzB9ZuZyqlu0rCHs6RZ2yJ5-3p7sS8CKZb1fY_DoLHdGW-HDiFzpYTSkrTRcBzEJ0YdJeBTBKGkRaSRLgvpJCqk9PVoVKqX9T5dT3H5h7m9_Y0FgxA:1tda2g:6bNb0WYUPVuWYFEznjtO8PEgAaLaJ17duWaUInQb4Zk", "expire_date": "2025-02-13T19:17:34.721Z"}}, {"model": "sessions.session", "pk": "uie0o740wknjxcr99hg8k4gmr0c8k5e7", "fields": {"session_data": ".eJytUsFuozAQ_RU0Z4QwxmDn1mq16qk97B5WDRGa2AO4JTjFpto0yr8XaHrIvTdr3pv33sz4DN5piz1q7aYh1D5gIA-bMzwE-nv_8Pz07_TxeDLPBJvtGY6j0-RnHHrX2gFiMBgQNsPU9zEcXzXV2hmq32m0jaXxC7nErOQyEyrnZcKKtFBK7mJQb8fC_ZreRoW_T-b_4084iIwlvGBCpfnuEsP3WDiFjoZgNQbrhvpAoXPGr4Zf79nvZhGzLwbYfKsWaZIpwYTg8ZLw3ZrFGVrn2p5m7mQXBZYynsqUK1EqKeXM5xmDyzzqGqCePI31yhRwU9ujfqVhAbDvl3JyjZGsnCvsk7ubMe6vXTdSHfpu1lGkEWXWGEybQklVkOJ5ppUqhWzUnnQuuZIl5Q0vkGvDchJ5kWupmS4VrfkO8x2wXX4DbLcV1PWLX3e3ViuIozSOMhFHFfyZ9HK0Zr7EKfK2HchEdojQR76b9h0ekoVeQQW7HVw-AaLQzOo:1tdYiW:nTCeqEX-EEkI2Gt_TvtKwzXcHa-nJTH9-f0tfJWTxQE", "expire_date": "2025-02-13T17:52:40.321Z"}}, {"model": "sessions.session", "pk": "z28b50t39dycag3z5gno8gmdb5lip5hq", "fields": {"session_data": ".eJytUk1vozAQ_StozhbyJ9i5bbXqbSututIeQoQmtgG3BKcYqq2i_PcFmh5y782a9-a9NzO-QIo2YI_WxnmY6jTh5BPsLqDwd8H_PP96ejDur21G2O0vcB6j9WnBoY9tGICAwwlhN8x9T-D8an1to_P1ux9DE_z4iVwJK4Xmykht8pKVhjJ1IGDezkX8Ob-NBh8_3L-n73BQnOWiYMpQebgS-BoL56nzwxQsTiEO9clPXXRpM_x8L353i1h8cYLdl2pBcymVoJyTNeF7cKsztDG2vV-4c1gVGGWCaiqMKo3WWjElOIPrMuoWoJ6TH-uNqeCudkT76ocVwL5fy_ktRr5xbnDKf9yN8XDrupPqMHWLjvEWUfPGIW0Ko03hjZDcGlMq3Zijt1ILo0svG1GgsI5Jr2QhrbbMlsZv-U7LHbBdfwPs9xXU9UvadrdVKyAZJRlXJKvgebbr0ZrlEh9ZCu3gXRaGDFOWuvnY4Slf6RVUcDjA9T-UNcwD:1tdYiW:m74JiKfI9Hi3YGTFzBKQg2N2axhlpHvKLGdGRE8YBO0", "expire_date": "2025-02-13T17:52:40.461Z"}}, {"model": "core.user", "pk": 1, "fields": {"password": "pbkdf2_sha256$870000$LfszQclm4KLmWd9XdQ9YEv$0o4tzniJYnreSdOg1ssEPVj24M7Z7TjuDO+bgmOvb7Q=", "last_login": "2025-01-30T16:43:31.660Z", "is_superuser": true, "username": "admin", "first_name": "", "last_name": "", "email": "admin123@gmail.com", "is_staff": true, "is_active": true, "date_joined": "2025-01-26T14:00:30.981Z", "is_owner": false, "is_renter": false, "phone_number": "", "address": null, "groups": [], "user_permissions": []}}, {"model": "core.user", "pk": 2, "fields": {"password": "pbkdf2_sha256$870000$Do8eErpB6rCENJrE4heGwM$qhwRLueLpjJFpotfZZlBxBrBHHBo/6BI7FnkTgpOS+E=", "last_login": "2025-01-30T19:15:07.897Z", "is_superuser": false, "username": "user1", "first_name": "user1", "last_name": "", "email": "", "is_staff": false, "is_active": true, "date_joined": "2025-01-26T14:57:52Z", "is_owner": false, "is_renter": false, "phone_number": "1234567890", "address": "", "groups": [], "user_permissions": []}}, {"model": "core.user", "pk": 3, "fields": {"password": "user123", "last_login": null, "is_superuser": false, "username": "user2", "first_name": "", "last_name": "", "email": "", "is_staff": false, "is_active": true, "date_joined": "2025-01-26T15:00:56Z", "is_owner": false, "is_renter": false, "phone_number": "1234512345", "address": "", "groups": [], "user_permissions": []}}, {"model": "core.user", "pk": 4, "fields": {"password": "user098", "last_login": null, "is_superuser": false, "username": "user3", "first_name": "", "last_name": "", "email": "", "is_staff": false, "is_active": true, "date_joined": "2025-01-26T15:01:54Z", "is_owner": false, "is_renter": false, "phone_number": "0987654321", "address": "", "groups": [], "user_permissions": []}}, {"model": "core.user", "pk": 5, "fields": {"password": "!MkXCEj5PWM0lUfFUHcaERIO2rbNZ9pug3UMWUMpK", "last_login": "2025-01-30T18:36:26.006Z", "is_superuser": false, "username": "shubham", "first_name": "Shubham", "last_name": "Khot", "email": "", "is_staff": false, "is_active": true, "date_joined": "2025-01-30T16:40:31.662Z", "is_owner": false, "is_renter": false, "phone_number": "", "address": null, "groups": [], "user_permissions": []}}, {"model": "core.user", "pk": 7, "fields": {"password": "pbkdf2_sha256$870000$IzFCM6uTK04oIkw7YTMdL1$ZNkqZkBhtiBpnEhTn+Lvf1DNewVzdVyWJmddWMHUWLs=", "last_login": null, "is_superuser": false, "username": "new_user2", "first_name": "", "last_name": "", "email": "sk0331939@gmail.com", "is_staff": false, "is_active": true, "date_joined": "2025-01-30T18:26:33.857Z", "is_owner": false, "is_renter": false, "phone_number": "", "address": null, "groups": [], "user_permissions": []}}, {"model": "core.user", "pk": 8, "fields": {"password": "pbkdf2_sha256$870000$0C4xcxowBsDe3l2wFviq4m$pfLAXcYyV28MhROHbgE2ubXHtPPFZ4cEqyVIruAYMmo=", "last_login": null, "is_superuser": false, "username": "new_user3", "first_name": "", "last_name": "", "email": "22113025@pvgcoet.ac.in", "is_staff": false, "is_active": true, "date_joined": "2025-01-30T18:29:09.234Z", "is_owner": false, "is_renter": false, "phone_number": "", "address": null, "groups": [], "user_permissions": []}}, {"model": "core.user", "pk": 9, "fields": {"password": "pbkdf2_sha256$870000$d0Tmyzy12bRFAS20fC9r97$JQh/Iy/qis93oHjZKV5A5DNVWuzuBgccZWEE4+jEoQ4=", "last_login": "2025-01-30T18:36:14.325Z", "is_superuser": false, "username": "new_user", "first_name": "", "last_name": "", "email": "22103013@pvgcoet.ac.in", "is_staff": false, "is_active": true, "date_joined": "2025-01-30T18:35:32.396Z", "is_owner": false, "is_renter": false, "phone_number": "", "address": null, "groups": [], "user_permissions": []}}, {"model": "core.user", "pk": 10, "fields": {"password": "!vIoUOExgW8ZQE1svqza1CgTWYK5evTWXN14KuNxJ", "last_login": "2025-01-30T19:21:22.508Z", "is_superuser": false, "username": "shubham7", "first_name": "Shubham", "last_name": "Khot", "email": "", "is_staff": false, "is_active": true, "date_joined": "2025-01-30T19:21:22.430Z", "is_owner": false, "is_renter": false, "phone_number": "", "address": null, "groups": [], "user_permissions": []}}, {"model": "core.category", "pk": 1, "fields": {"name": "Power Tools", "description": "Tools powered by electricity or batteries.", "created_at": "2025-01-26T14:43:17.720Z", "updated_at": "2025-01-26T14:43:17.720Z"}}, {"model": "core.category", "pk": 2, "fields": {"name": "Hand Tools", "description": "Manual tools for general-purpose work.", "created_at": "2025-01-26T14:43:17.737Z", "updated_at": "2025-01-26T14:43:17.737Z"}}, {"model": "core.category", "pk": 3, "fields": {"name": "Garden Tools", "description": "Tools for gardening and outdoor maintenance.", "created_at": "2025-01-26T14:48:15.181Z", "updated_at": "2025-01-26T14:48:15.181Z"}}, {"model": "core.category", "pk": 4, "fields": {"name": "Construction Tools", "description": "Heavy-duty tools for construction and repair work.", "created_at": "2025-01-26T14:48:15.199Z", "updated_at": "2025-01-26T14:48:15.199Z"}}, {"model": "core.tool", "pk": 1, "fields": {"name": "Hammer", "description": "A heavy-duty claw hammer for all your construction needs.", "category": 2, "daily_rental_price": 5.0, "condition": "Good", "availability_status": true, "images": "image1.jpg", "created_at": "2025-01-26T15:23:26.754Z", "updated_at": "2025-01-28T14:58:43.981Z", "owner": 2}}, {"model": "core.tool", "pk": 2, "fields": {"name": "Circular Saw", "description": "A powerful circular saw for precise cutting.", "category": 1, "daily_rental_price": 20.0, "condition": "Like new", "availability_status": false, "images": "circular_saw.jpg", "created_at": "2025-01-26T15:27:08.393Z", "updated_at": "2025-01-30T19:17:28.793Z", "owner": 4}}, {"model": "core.tool", "pk": 3, "fields": {"name": "Electric Drill", "description": "High-powered drill with multiple speed settings.", "category": 1, "daily_rental_price": 20.0, "condition": "Excellent", "availability_status": true, "images": "electric_drill.jpg", "created_at": "2025-01-26T15:46:17.239Z", "updated_at": "2025-01-28T14:58:29.102Z", "owner": 2}}, {"model": "core.tool", "pk": 4, "fields": {"name": "Angle Grinder", "description": "Durable grinder for heavy-duty cutting and grinding.", "category": 1, "daily_rental_price": 25.0, "condition": "Good", "availability_status": true, "images": "angle_grinder.jpg", "created_at": "2025-01-26T15:46:17.266Z", "updated_at": "2025-01-28T14:58:18.865Z", "owner": 2}}, {"model": "core.tool", "pk": 5, "fields": {"name": "Screwdriver Set", "description": "Set of precision screwdrivers for various applications.", "category": 2, "daily_rental_price": 8.0, "condition": "New", "availability_status": false, "images": "screwdriver_set.jpg", "created_at": "2025-01-26T15:46:17.279Z", "updated_at": "2025-01-30T16:46:28.393Z", "owner": 2}}, {"model": "core.tool", "pk": 6, "fields": {"name": "Adjustable Spanner", "description": "Heavy-duty spanner for mechanical tasks.", "category": 2, "daily_rental_price": 10.0, "condition": "Like New", "availability_status": false, "images": "adjustable_spanner.jpg", "created_at": "2025-01-26T15:46:17.292Z", "updated_at": "2025-01-26T16:52:56.542Z", "owner": 2}}, {"model": "core.tool", "pk": 7, "fields": {"name": "Hedge Trimmer", "description": "Electric trimmer for precise hedge cutting.", "category": 3, "daily_rental_price": 15.0, "condition": "Good", "availability_status": true, "images": "hedge_trimmer.jpg", "created_at": "2025-01-26T15:46:17.307Z", "updated_at": "2025-01-28T14:57:54.994Z", "owner": 2}}, {"model": "core.tool", "pk": 8, "fields": {"name": "Shovel", "description": "Ergonomic shovel for digging and gardening.", "category": 3, "daily_rental_price": 5.0, "condition": "Good", "availability_status": false, "images": "shovel.jpg", "created_at": "2025-01-26T15:46:17.321Z", "updated_at": "2025-01-30T19:05:58.990Z", "owner": 2}}, {"model": "core.tool", "pk": 9, "fields": {"name": "Jackhammer", "description": "Heavy-duty jackhammer for breaking concrete.", "category": 4, "daily_rental_price": 50.0, "condition": "Excellent", "availability_status": true, "images": "jackhammer.jpg", "created_at": "2025-01-26T15:46:17.337Z", "updated_at": "2025-01-27T18:23:46.657Z", "owner": 2}}, {"model": "core.tool", "pk": 10, "fields": {"name": "Ladder", "description": "10-foot ladder for construction and repairs.", "category": 4, "daily_rental_price": 12.0, "condition": "Good", "availability_status": false, "images": "ladder.jpg", "created_at": "2025-01-26T15:46:17.351Z", "updated_at": "2025-01-26T17:02:55.952Z", "owner": 2}}, {"model": "core.tool", "pk": 11, "fields": {"name": "ladder", "description": "10-foot ladder for construction and repairs.", "category": 4, "daily_rental_price": 13.0, "condition": "Like new", "availability_status": false, "images": "ladder.jpg", "created_at": "2025-01-27T18:06:41.182Z", "updated_at": "2025-01-29T14:37:55.231Z", "owner": 3}}, {"model": "core.rental", "pk": 1, "fields": {"tool": 1, "renter": 3, "rental_start_date": "2025-01-26", "rental_end_date": "2025-01-28", "total_price": 10.0, "status": "Approved", "created_at": "2025-01-26T15:29:31.808Z", "updated_at": "2025-01-26T15:29:31.808Z"}}, {"model": "core.rental", "pk": 2, "fields": {"tool": 2, "renter": 2, "rental_start_date": "2025-01-26", "rental_end_date": "2025-01-30", "total_price": 100.0, "status": "Completed", "created_at": "2025-01-26T15:30:24.773Z", "updated_at": "2025-01-26T15:30:24.773Z"}}, {"model": "core.rental", "pk": 3, "fields": {"tool": 1, "renter": 1, "rental_start_date": "2025-01-26", "rental_end_date": "2025-01-03", "total_price": 100.0, "status": "Pending", "created_at": "2025-01-26T16:33:44.219Z", "updated_at": "2025-01-26T16:33:44.219Z"}}, {"model": "core.rental", "pk": 4, "fields": {"tool": 2, "renter": 1, "rental_start_date": "2025-01-26", "rental_end_date": "2025-02-01", "total_price": 3.0, "status": "Pending", "created_at": "2025-01-26T16:46:41.775Z", "updated_at": "2025-01-26T16:46:41.775Z"}}, {"model": "core.rental", "pk": 5, "fields": {"tool": 4, "renter": 1, "rental_start_date": "2025-01-11", "rental_end_date": "2025-02-08", "total_price": 34.0, "status": "Pending", "created_at": "2025-01-26T16:50:45.053Z", "updated_at": "2025-01-26T16:50:45.053Z"}}, {"model": "core.rental", "pk": 6, "fields": {"tool": 6, "renter": 1, "rental_start_date": "2025-01-26", "rental_end_date": "2025-01-30", "total_price": 5.0, "status": "Pending", "created_at": "2025-01-26T16:52:56.532Z", "updated_at": "2025-01-26T16:52:56.532Z"}}, {"model": "core.rental", "pk": 7, "fields": {"tool": 5, "renter": 1, "rental_start_date": "2025-01-26", "rental_end_date": "2025-02-06", "total_price": 5.0, "status": "Pending", "created_at": "2025-01-26T16:57:39.935Z", "updated_at": "2025-01-26T16:57:39.935Z"}}, {"model": "core.rental", "pk": 8, "fields": {"tool": 10, "renter": 1, "rental_start_date": "2025-01-28", "rental_end_date": "2025-02-08", "total_price": 777777.0, "status": "Pending", "created_at": "2025-01-26T17:02:55.943Z", "updated_at": "2025-01-26T17:02:55.943Z"}}, {"model": "core.rental", "pk": 9, "fields": {"tool": 3, "renter": 2, "rental_start_date": "2025-01-27", "rental_end_date": "2025-01-31", "total_price": 8.0, "status": "Pending", "created_at": "2025-01-27T15:26:03.809Z", "updated_at": "2025-01-27T15:26:03.809Z"}}, {"model": "core.rental", "pk": 10, "fields": {"tool": 8, "renter": 2, "rental_start_date": "2025-01-27", "rental_end_date": "2025-01-29", "total_price": 0.0, "status": "Pending", "created_at": "2025-01-27T16:22:00.025Z", "updated_at": "2025-01-27T16:22:00.025Z"}}, {"model": "core.rental", "pk": 11, "fields": {"tool": 7, "renter": 2, "rental_start_date": "2025-01-28", "rental_end_date": "2025-01-31", "total_price": 45.0, "status": "Pending", "created_at": "2025-01-27T16:25:25.148Z", "updated_at": "2025-01-27T16:25:25.148Z"}}, {"model": "core.rental", "pk": 12, "fields": {"tool": 9, "renter": 2, "rental_start_date": "2025-01-27", "rental_end_date": "2025-01-29", "total_price": 100.0, "status": "Pending", "created_at": "2025-01-27T16:27:29.689Z", "updated_at": "2025-01-27T16:27:29.689Z"}}, {"model": "core.rental", "pk": 13, "fields": {"tool": 11, "renter": 1, "rental_start_date": "2025-02-01", "rental_end_date": "2025-02-11", "total_price": 130.0, "status": "Pending", "created_at": "2025-01-27T18:08:12.283Z", "updated_at": "2025-01-27T18:08:12.283Z"}}, {"model": "core.rental", "pk": 14, "fields": {"tool": 8, "renter": 1, "rental_start_date": "2025-02-01", "rental_end_date": "2025-02-06", "total_price": 25.0, "status": "Pending", "created_at": "2025-01-27T18:25:26.287Z", "updated_at": "2025-01-27T18:25:26.287Z"}}, {"model": "core.rental", "pk": 15, "fields": {"tool": 1, "renter": 2, "rental_start_date": "2025-02-01", "rental_end_date": "2025-02-08", "total_price": 35.0, "status": "Pending", "created_at": "2025-01-28T14:26:38.877Z", "updated_at": "2025-01-28T14:26:38.877Z"}}, {"model": "core.rental", "pk": 16, "fields": {"tool": 3, "renter": 1, "rental_start_date": "2025-01-30", "rental_end_date": "2025-02-01", "total_price": 40.0, "status": "Pending", "created_at": "2025-01-28T14:46:24.020Z", "updated_at": "2025-01-28T14:46:24.020Z"}}, {"model": "core.rental", "pk": 17, "fields": {"tool": 4, "renter": 1, "rental_start_date": "2025-01-28", "rental_end_date": "2025-02-08", "total_price": 275.0, "status": "Pending", "created_at": "2025-01-28T14:49:53.463Z", "updated_at": "2025-01-28T14:49:53.463Z"}}, {"model": "core.rental", "pk": 18, "fields": {"tool": 5, "renter": 1, "rental_start_date": "2025-02-05", "rental_end_date": "2025-02-08", "total_price": 24.0, "status": "Pending", "created_at": "2025-01-28T14:52:13.362Z", "updated_at": "2025-01-28T14:52:13.362Z"}}, {"model": "core.rental", "pk": 19, "fields": {"tool": 7, "renter": 1, "rental_start_date": "2025-01-28", "rental_end_date": "2025-02-08", "total_price": 165.0, "status": "Pending", "created_at": "2025-01-28T14:56:13.559Z", "updated_at": "2025-01-28T14:56:13.559Z"}}, {"model": "core.rental", "pk": 20, "fields": {"tool": 11, "renter": 2, "rental_start_date": "2025-01-29", "rental_end_date": "2025-02-01", "total_price": 39.0, "status": "Confirmed", "created_at": "2025-01-29T14:37:55.216Z", "updated_at": "2025-01-29T14:37:55.216Z"}}, {"model": "core.rental", "pk": 21, "fields": {"tool": 5, "renter": 5, "rental_start_date": "2025-01-30", "rental_end_date": "2025-02-05", "total_price": 48.0, "status": "Confirmed", "created_at": "2025-01-30T16:46:28.378Z", "updated_at": "2025-01-30T16:46:28.379Z"}}, {"model": "core.rental", "pk": 22, "fields": {"tool": 8, "renter": 5, "rental_start_date": "2025-02-01", "rental_end_date": "2025-02-03", "total_price": 10.0, "status": "Completed", "created_at": "2025-01-30T19:05:58.977Z", "updated_at": "2025-01-30T19:05:58.977Z"}}, {"model": "core.rental", "pk": 23, "fields": {"tool": 2, "renter": 2, "rental_start_date": "2025-02-03", "rental_end_date": "2025-02-08", "total_price": 100.0, "status": "Completed", "created_at": "2025-01-30T19:17:28.781Z", "updated_at": "2025-01-30T19:17:28.781Z"}}, {"model": "core.payment", "pk": 1, "fields": {"rental": 1, "payment_method": "Credit Card", "payment_status": "Completed", "amount": 10.0, "transaction_id": "TRX123456", "created_at": "2025-01-26T15:31:14.223Z", "updated_at": "2025-01-26T15:31:14.223Z"}}, {"model": "core.payment", "pk": 2, "fields": {"rental": 2, "payment_method": "PayPal", "payment_status": "Completed", "amount": 100.0, "transaction_id": "TRX654321", "created_at": "2025-01-26T15:31:42.887Z", "updated_at": "2025-01-26T15:31:42.887Z"}}, {"model": "core.review", "pk": 1, "fields": {"tool": 1, "user": 3, "rating": 5, "comment": "Excellent tool, very efficient!", "created_at": "2025-01-26T15:32:26.413Z", "updated_at": "2025-01-26T15:32:26.413Z"}}, {"model": "core.review", "pk": 2, "fields": {"tool": 2, "user": 3, "rating": 4, "comment": "Excellent tool, very efficient!", "created_at": "2025-01-26T15:32:55.819Z", "updated_at": "2025-01-26T15:32:55.819Z"}}, {"model": "sites.site", "pk": 1, "fields": {"domain": "example.com", "name": "example.com"}}, {"model": "account.emailaddress", "pk": 2, "fields": {"user": 7, "email": "sk0331939@gmail.com", "verified": false, "primary": true}}, {"model": "account.emailaddress", "pk": 3, "fields": {"user": 8, "email": "22113025@pvgcoet.ac.in", "verified": false, "primary": true}}, {"model": "account.emailaddress", "pk": 4, "fields": {"user": 9, "email": "22103013@pvgcoet.ac.in", "verified": false, "primary": true}}, {"model": "socialaccount.socialapp", "pk": 1, "fields": {"provider": "google", "provider_id": "", "name": "Google OAuth", "client_id": "920479129042-i1k39vd9jb63nn614epk7viic3m4f077.apps.googleusercontent.com", "secret": "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", "key": "", "settings": {}, "sites": []}}, {"model": "socialaccount.socialaccount", "pk": 1, "fields": {"user": 5, "provider": "google", "uid": "101308039579888515321", "last_login": "2025-01-30T18:36:25.958Z", "date_joined": "2025-01-30T16:40:31.692Z", "extra_data": {"iss": "https://accounts.google.com", "azp": "920479129042-i1k39vd9jb63nn614epk7viic3m4f077.apps.googleusercontent.com", "aud": "920479129042-i1k39vd9jb63nn614epk7viic3m4f077.apps.googleusercontent.com", "sub": "101308039579888515321", "at_hash": "NeyFMuDPRnHzx0TVPs77Ng", "name": "Shubham Khot", "picture": "https://lh3.googleusercontent.com/a/ACg8ocLqSUYL7UsFVxow71mvXLd2sNuLEQefbNxCyCRC9MDAjwNKSg=s96-c", "given_name": "Shubham", "family_name": "Khot", "iat": 1738262225, "exp": 1738265825}}}, {"model": "socialaccount.socialaccount", "pk": 2, "fields": {"user": 10, "provider": "google", "uid": "101626816893611321902", "last_login": "2025-01-30T19:21:22.462Z", "date_joined": "2025-01-30T19:21:22.462Z", "extra_data": {"iss": "https://accounts.google.com", "azp": "920479129042-i1k39vd9jb63nn614epk7viic3m4f077.apps.googleusercontent.com", "aud": "920479129042-i1k39vd9jb63nn614epk7viic3m4f077.apps.googleusercontent.com", "sub": "101626816893611321902", "at_hash": "Wwc0wklMJkUJ4zDUaf_b4w", "name": "Shubham Khot", "picture": "https://lh3.googleusercontent.com/a/ACg8ocJD1dit6DJegH9MPDu-CaVhEsCA-8uKZpx6vKiEnBvJHQnH0g=s96-c", "given_name": "Shubham", "family_name": "Khot", "iat": 1738264922, "exp": 1738268522}}}]